{"cameraMode":{"drawMode":0,"name":"Shaded","section":"Shading Mode"},"sceneLighting":true,"audioPlay":false,"sceneViewState":{"showFog":true,"showMaterialUpdate":true,"showSkybox":true,"showFlares":true,"showImageEffects":true,"showParticleSystems":true},"in2DMode":false,"pivot":{"x":-6.0848236083984379,"y":0.9214795827865601,"z":-1.6289252042770386},"rotation":{"x":0.10232121497392655,"y":-0.8674384355545044,"z":0.19990816712379456,"w":0.44403138756752016},"size":5.4169840812683109,"orthographic":false}