{"cameraMode":{"drawMode":0,"name":"Shaded","section":"Shading Mode"},"sceneLighting":true,"audioPlay":false,"sceneViewState":{"showFog":true,"showMaterialUpdate":false,"showSkybox":false,"showFlares":true,"showImageEffects":true,"showParticleSystems":true},"in2DMode":false,"pivot":{"x":3.8949999809265138,"y":0.5839999914169312,"z":1.1369999647140504},"rotation":{"x":0.07833129167556763,"y":0.1643393486738205,"z":-0.013094193302094937,"w":0.9832208156585693},"size":0.3473239541053772,"orthographic":false}