{"cameraMode":{"drawMode":0,"name":"Shaded","section":"Shading Mode"},"sceneLighting":false,"audioPlay":false,"sceneViewState":{"showFog":true,"showMaterialUpdate":false,"showSkybox":false,"showFlares":true,"showImageEffects":true,"showParticleSystems":true},"in2DMode":false,"pivot":{"x":-5.564979076385498,"y":5.145608901977539,"z":9.449955940246582},"rotation":{"x":0.05258313938975334,"y":-0.2251109927892685,"z":0.012185275554656983,"w":0.9728798866271973},"size":19.148122787475587,"orthographic":false}