{"cameraMode":{"drawMode":0,"name":"Shaded","section":"Shading Mode"},"sceneLighting":true,"audioPlay":false,"sceneViewState":{"showFog":true,"showMaterialUpdate":false,"showSkybox":false,"showFlares":true,"showImageEffects":true,"showParticleSystems":true},"in2DMode":false,"pivot":{"x":-38.611228942871097,"y":2.688425064086914,"z":2.1482808589935304},"rotation":{"x":0.2152312844991684,"y":0.6372058391571045,"z":-0.19189144670963288,"w":0.7147407531738281},"size":2.7375259399414064,"orthographic":false}