{"cameraMode":{"drawMode":0,"name":"Shaded","section":"Shading Mode"},"sceneLighting":false,"audioPlay":false,"sceneViewState":{"showFog":true,"showMaterialUpdate":false,"showSkybox":false,"showFlares":true,"showImageEffects":true,"showParticleSystems":true},"in2DMode":false,"pivot":{"x":3.6930904388427736,"y":0.6486400365829468,"z":0.5472904443740845},"rotation":{"x":0.226486474275589,"y":0.5525506138801575,"z":-0.15920919179916383,"w":0.7862018346786499},"size":1.9969552755355836,"orthographic":false}